area,mainroad,guestroom,basement,hotwaterheating,airconditioning,prefarea,bedrooms_1,bedrooms_2,bedrooms_3,bedrooms_4,bedrooms_5,bedrooms_6,bathrooms_1,bathrooms_2,bathrooms_3,bathrooms_4,stories_1,stories_2,stories_3,stories_4,parking_0,parking_1,parking_2,parking_3,furnishingstatus_furnished,furnishingstatus_semi-furnished,furnishingstatus_unfurnished
-0.021252673406978822,True,False,False,False,False,False,False,True,False,False,False,False,True,False,False,False,True,False,False,False,True,False,False,False,False,False,True
-0.3566512542870012,False,False,False,False,False,False,False,False,False,True,False,False,True,False,False,False,False,True,False,False,False,True,False,False,False,False,True
-0.9700776061596736,False,True,False,False,False,False,False,True,False,False,False,False,True,False,False,False,True,False,False,False,False,True,False,False,False,False,True
0.22146998380882682,True,False,False,False,False,True,False,True,False,False,False,False,True,False,False,False,False,True,False,False,True,False,False,False,False,True,False
1.346820485445744,True,False,False,False,False,True,False,False,True,False,False,False,False,True,False,False,False,False,False,True,False,True,False,False,False,False,True
0.16630574353250735,True,False,False,False,False,False,False,False,False,False,True,False,False,True,False,False,False,True,False,False,True,False,False,False,False,True,False
2.2073826337563274,True,False,True,False,False,True,False,False,True,False,False,False,True,False,False,False,True,False,False,False,False,True,False,False,True,False,False
-1.5741260371853718,True,False,False,False,False,True,False,False,True,False,False,False,True,False,False,False,False,False,True,False,True,False,False,False,True,False,False
2.4832038351379246,True,False,False,False,False,True,False,False,True,False,False,False,True,False,False,False,False,True,False,False,False,False,False,True,False,False,True
-1.0528239665741528,False,False,False,False,False,False,False,False,True,False,False,False,True,False,False,False,False,True,False,False,True,False,False,False,False,True,False
-1.1024717828228403,True,False,True,False,False,False,False,False,True,False,False,False,True,False,False,False,False,True,False,False,True,False,False,False,False,False,True
-0.3743038111754234,False,False,False,False,False,False,False,False,True,False,False,False,True,False,False,False,True,False,False,False,False,True,False,False,False,False,True
0.5524554254667436,True,False,False,False,False,False,False,True,False,False,False,False,True,False,False,False,True,False,False,False,True,False,False,False,False,True,False
1.6833223511312927,True,False,False,False,False,False,False,True,False,False,False,False,True,False,False,False,True,False,False,False,True,False,False,False,False,False,True
-0.744455863429527,True,False,False,False,False,False,False,True,False,False,False,False,True,False,False,False,True,False,False,False,True,False,False,False,False,False,True
-0.6887399807504443,True,True,True,False,False,False,False,True,False,False,False,False,True,False,False,False,True,False,False,False,True,False,False,False,False,True,False
-1.5741260371853718,True,False,False,False,False,True,False,False,True,False,False,False,True,False,False,False,False,False,True,False,True,False,False,False,True,False,False
0.5524554254667436,True,True,True,False,False,True,False,False,False,True,False,False,True,False,False,False,False,False,True,False,True,False,False,False,False,False,True
-0.11779009389053788,True,True,True,False,True,False,False,False,True,False,False,False,True,False,False,False,False,True,False,False,False,True,False,False,True,False,False
-1.5570251226997127,True,True,False,False,False,True,False,True,False,False,False,False,True,False,False,False,False,True,False,False,True,False,False,False,False,True,False
0.4697090650522644,True,True,True,False,False,False,False,True,False,False,False,False,True,False,False,False,True,False,False,False,False,False,True,False,False,True,False
0.006329446731180909,True,False,True,False,False,False,False,False,True,False,False,False,True,False,False,False,False,True,False,False,True,False,False,False,False,True,False
0.5634882735220075,True,False,False,False,False,False,False,False,True,False,False,False,True,False,False,False,True,False,False,False,True,False,False,False,False,True,False
-1.0031761503254653,True,False,True,False,True,False,False,False,False,True,False,False,True,False,False,False,False,True,False,False,True,False,False,False,False,False,True
-1.0004179383116494,True,False,False,False,True,False,False,True,False,False,False,False,True,False,False,False,True,False,False,False,True,False,False,False,False,False,True
-0.7803126196091347,True,False,False,True,False,False,False,True,False,False,False,False,True,False,False,False,True,False,False,False,True,False,False,False,False,True,False
-0.3632709631201595,True,False,False,False,False,False,False,False,True,False,False,False,True,False,False,False,True,False,False,False,True,False,False,False,False,True,False
-0.3577545390925275,True,False,True,False,False,False,False,True,False,False,False,False,True,False,False,False,True,False,False,False,True,False,False,False,False,False,True
0.8420676869174207,True,False,False,False,False,False,False,False,True,False,False,False,False,True,False,False,False,False,False,True,False,True,False,False,True,False,False
-1.6816963057241947,False,False,False,True,False,False,False,False,True,False,False,False,True,False,False,False,True,False,False,False,True,False,False,False,False,False,True
0.5524554254667436,True,True,False,False,True,False,False,False,True,False,False,False,False,True,False,False,False,True,False,False,False,True,False,False,False,True,False
-0.33017241895436783,True,False,False,False,False,False,False,False,True,False,False,False,True,False,False,False,False,True,False,False,True,False,False,False,False,False,True
0.22146998380882682,True,True,True,False,True,True,False,False,False,False,True,False,True,False,False,False,False,True,False,False,True,False,False,False,True,False,False
-0.7549370690820277,False,True,False,False,False,False,False,False,True,False,False,False,False,False,True,False,False,True,False,False,True,False,False,False,False,False,True
1.3661279695424557,True,False,False,False,True,False,False,False,True,False,False,False,False,True,False,False,False,False,False,True,False,False,True,False,False,False,True
0.6683003300470145,True,True,False,False,True,False,False,False,False,True,False,False,True,False,False,False,False,False,False,True,True,False,False,False,True,False,False
-0.47911586770043035,True,False,False,False,False,False,False,False,True,False,False,False,False,True,False,False,False,True,False,False,False,False,True,False,False,True,False
-0.7714863411649235,True,False,False,False,False,False,False,True,False,False,False,False,True,False,False,False,True,False,False,False,True,False,False,False,False,True,False
-0.7494206450543958,True,False,False,False,True,False,False,False,True,False,False,False,True,False,False,False,False,True,False,False,True,False,False,False,True,False,False
-0.8156177333859791,True,False,False,False,False,True,False,False,True,False,False,False,True,False,False,False,False,True,False,False,True,False,False,False,False,True,False
0.22146998380882682,True,False,False,False,False,False,False,False,False,True,False,False,True,False,False,False,False,True,False,False,True,False,False,False,False,False,True
0.8282766268483409,True,False,False,False,True,True,False,False,True,False,False,False,False,True,False,False,False,False,True,False,True,False,False,False,True,False,False
-0.6523315821680735,True,False,True,False,True,False,False,True,False,False,False,False,True,False,False,False,True,False,False,False,False,False,True,False,True,False,False
0.27663422408514626,True,False,False,False,False,False,False,False,True,False,False,False,False,True,False,False,False,True,False,False,False,True,False,False,False,True,False
-0.3743038111754234,True,False,True,True,False,False,False,False,True,False,False,False,True,False,False,False,False,True,False,False,False,False,True,False,False,True,False
1.9756928245957857,True,False,False,False,False,False,False,False,False,False,True,False,False,False,True,False,False,True,False,False,False,False,True,False,True,False,False
0.49729118519042415,False,False,True,False,False,False,False,False,False,True,False,False,False,True,False,False,False,True,False,False,False,True,False,False,False,False,True
-1.5741260371853718,True,False,True,False,False,True,False,False,True,False,False,False,True,False,False,False,False,True,False,False,True,False,False,False,True,False,False
-0.8487162775517708,True,False,False,False,True,False,False,False,False,True,False,False,True,False,False,False,False,True,False,False,True,False,False,False,False,True,False
0.817243778793077,False,False,False,False,True,False,False,False,True,False,False,False,True,False,False,False,False,True,False,False,False,True,False,False,False,True,False
2.2073826337563274,True,False,False,False,False,False,False,False,True,False,False,False,True,False,False,False,False,True,False,False,False,False,True,False,False,True,False
0.7510466904614936,True,False,True,False,True,False,False,True,False,False,False,False,True,False,False,False,True,False,False,False,False,True,False,False,True,False,False
-0.27500817867804833,True,False,False,True,False,False,False,True,False,False,False,False,True,False,False,False,False,True,False,False,False,True,False,False,False,True,False
-0.0543512175727705,False,False,False,False,False,False,False,False,True,False,False,False,True,False,False,False,False,True,False,False,True,False,False,False,False,False,True
0.3979955526930491,True,False,False,False,True,True,False,True,False,False,False,False,True,False,False,False,False,True,False,False,True,False,False,False,False,False,True
-1.2767907820960098,True,False,False,False,True,False,False,True,False,False,False,False,True,False,False,False,True,False,False,False,False,True,False,False,False,False,True
2.298955272615018,True,False,True,False,True,False,False,True,False,False,False,False,True,False,False,False,True,False,False,False,False,False,True,False,False,True,False
0.08355938311802816,True,False,False,False,True,False,False,False,True,False,False,False,False,True,False,False,False,False,False,True,False,False,True,False,False,True,False
-1.1024717828228403,True,False,True,False,True,False,False,False,True,False,False,False,True,False,False,False,False,True,False,False,True,False,False,False,False,True,False
1.9756928245957857,True,False,False,False,True,True,False,False,False,True,False,False,False,False,True,False,False,False,False,True,False,False,True,False,False,True,False
-0.1370975779872497,True,False,False,False,False,False,False,True,False,False,False,False,True,False,False,False,True,False,False,False,True,False,False,False,False,False,True
-1.1190210549057362,True,False,False,False,False,False,False,False,True,False,False,False,True,False,False,False,False,False,True,False,True,False,False,False,False,True,False
0.24905210394698654,True,False,False,False,False,False,False,True,False,False,False,False,True,False,False,False,True,False,False,False,True,False,False,False,True,False,False
0.27663422408514626,True,False,True,False,False,False,False,False,True,False,False,False,False,True,False,False,True,False,False,False,True,False,False,False,False,True,False
-0.12330651791816984,True,False,False,False,False,False,False,False,False,True,False,False,True,False,False,False,False,True,False,False,True,False,False,False,False,False,True
-0.826650581441243,True,False,False,True,False,False,False,False,False,True,False,False,False,True,False,False,False,True,False,False,False,False,True,False,True,False,False
0.09459223117329205,True,False,False,False,True,False,False,False,True,False,False,False,True,False,False,False,False,False,False,True,True,False,False,False,False,True,False
-1.0131057135752028,True,False,False,False,True,False,False,False,True,False,False,False,True,False,False,False,False,True,False,False,False,True,False,False,True,False,False
-0.8707819736622986,True,False,False,True,False,False,False,True,False,False,False,False,True,False,False,False,False,True,False,False,False,True,False,False,False,True,False
-0.826650581441243,True,False,False,False,False,False,False,False,False,True,False,False,True,False,False,False,False,True,False,False,False,False,True,False,True,False,False
-0.5508293800596457,False,False,False,False,False,False,False,False,False,True,False,False,False,True,False,False,False,True,False,False,True,False,False,False,False,True,False
1.0489335879536188,True,True,True,False,False,True,False,False,True,False,False,False,False,True,False,False,True,False,False,False,True,False,False,False,False,False,True
-0.5673786521425415,False,False,False,False,False,False,True,False,False,False,False,False,True,False,False,False,True,False,False,False,True,False,False,False,False,False,True
-0.9369790619938819,False,False,False,False,False,False,False,False,True,False,False,False,True,False,False,False,False,True,False,False,False,True,False,False,False,True,False
-0.5254538295325387,True,False,True,False,False,False,False,False,True,False,False,False,True,False,False,False,False,True,False,False,False,True,False,False,False,True,False
-0.10951545784908996,False,False,True,True,False,False,False,False,False,False,True,False,False,True,False,False,False,False,True,False,True,False,False,False,False,False,True
0.7317392063647818,True,False,False,False,True,False,False,False,True,False,False,False,True,False,False,False,False,False,False,True,False,True,False,False,False,False,True
-0.5287636839491179,True,False,False,False,False,False,False,True,False,False,False,False,True,False,False,False,True,False,False,False,True,False,False,False,False,False,True
0.7841452346272854,True,False,True,False,True,True,False,False,True,False,False,False,True,False,False,False,True,False,False,False,True,False,False,False,True,False,False
0.5524554254667436,True,False,False,False,True,False,False,False,False,True,False,False,False,True,False,False,False,False,False,True,False,True,False,False,False,True,False
-0.7383877969991318,False,False,False,False,False,False,False,False,False,True,False,False,True,False,False,False,False,True,False,False,True,False,False,False,False,False,True
-0.33017241895436783,True,False,False,False,True,True,False,False,False,True,False,False,True,False,False,False,False,True,False,False,False,False,True,False,False,True,False
-0.6721907086675485,True,True,True,False,False,False,False,True,False,False,False,False,True,False,False,False,False,True,False,False,True,False,False,False,False,True,False
0.7510466904614936,True,True,True,False,True,True,False,False,True,False,False,False,True,False,False,False,True,False,False,False,False,False,True,False,True,False,False
-0.4984233517971422,True,False,False,False,False,False,False,True,False,False,False,False,True,False,False,False,True,False,False,False,False,False,True,False,False,True,False
-0.46256659561753455,True,True,True,False,True,False,False,False,True,False,False,False,True,False,False,False,True,False,False,False,True,False,False,False,False,False,True
0.48625833713516026,True,False,False,False,False,False,False,False,True,False,False,False,True,False,False,False,True,False,False,False,False,True,False,False,False,False,True
1.7936508316839315,True,False,False,False,False,False,False,False,True,False,False,False,True,False,False,False,True,False,False,False,False,False,True,False,True,False,False
2.891419213182689,True,False,False,False,True,True,False,True,False,False,False,False,True,False,False,False,True,False,False,False,False,False,True,False,False,False,True
-0.5728950761701734,True,False,False,False,False,False,False,False,True,False,False,False,True,False,False,False,True,False,False,False,True,False,False,False,True,False,False
-0.9369790619938819,True,False,True,False,False,False,False,False,True,False,False,False,False,False,True,False,False,True,False,False,True,False,False,False,False,True,False
-1.3010630478175904,False,False,False,False,False,False,False,True,False,False,False,False,True,False,False,False,True,False,False,False,False,True,False,False,True,False,False
1.6281581108549732,True,False,True,True,False,False,False,False,False,False,True,False,False,True,False,False,False,True,False,False,False,False,True,False,False,False,True
0.7510466904614936,True,False,False,False,True,True,False,False,False,True,False,False,False,True,False,False,False,False,True,False,False,False,True,False,True,False,False
0.5524554254667436,True,False,False,False,False,False,False,False,False,True,False,False,False,True,False,False,False,False,False,True,False,False,True,False,False,True,False
1.1879474734499438,True,False,False,False,True,False,False,False,True,False,False,False,True,False,False,False,False,True,False,False,True,False,False,False,True,False,False
0.48625833713516026,True,False,False,False,False,False,False,True,False,False,False,False,True,False,False,False,True,False,False,False,True,False,False,False,False,False,True
0.8503423229588687,False,False,False,False,True,False,False,False,False,True,False,False,False,True,False,False,False,True,False,False,True,False,False,False,False,True,False
-0.8376834294965069,True,False,False,False,False,False,False,True,False,False,False,False,True,False,False,False,True,False,False,False,False,True,False,False,False,True,False
-0.6887399807504443,True,False,False,False,False,False,False,False,True,False,False,False,True,False,False,False,False,True,False,False,True,False,False,False,False,False,True
-0.5508293800596457,True,False,False,False,False,False,False,False,True,False,False,False,True,False,False,False,True,False,False,False,True,False,False,False,False,True,False
0.817243778793077,True,False,False,False,True,False,False,False,True,False,False,False,False,True,False,False,False,False,False,True,False,False,True,False,False,False,True
-0.5508293800596457,True,False,False,False,False,False,False,False,True,False,False,False,True,False,False,False,False,True,False,False,False,False,True,False,True,False,False
0.17733859158777124,True,False,False,False,False,True,False,True,False,False,False,False,True,False,False,False,True,False,False,False,False,True,False,False,False,False,True
-0.5287636839491179,True,False,False,False,False,False,False,True,False,False,False,False,True,False,False,False,True,False,False,False,False,True,False,False,False,False,True
-0.716322100888604,True,True,False,False,True,False,False,False,False,True,False,False,True,False,False,False,False,True,False,False,True,False,False,False,True,False,False
-0.27500817867804833,True,False,False,False,True,False,False,True,False,False,False,False,True,False,False,False,True,False,False,False,False,False,True,False,True,False,False
-1.0362746944912569,False,False,True,True,False,False,False,False,True,False,False,False,True,False,False,False,False,True,False,False,True,False,False,False,False,True,False
-0.6611578606122847,True,False,False,False,False,False,False,True,False,False,False,False,True,False,False,False,True,False,False,False,True,False,False,False,False,False,True
0.27663422408514626,True,True,False,False,True,False,False,False,True,False,False,False,True,False,False,False,False,False,True,False,False,True,False,False,True,False,False
0.729532636753729,True,False,True,False,True,False,False,False,True,False,False,False,True,False,False,False,False,True,False,False,False,True,False,False,True,False,False
0.4586762169970005,True,False,False,False,False,False,False,True,False,False,False,False,True,False,False,False,True,False,False,False,False,False,True,False,False,False,True
0.607619665743063,True,False,True,False,False,True,False,False,True,False,False,False,False,True,False,False,True,False,False,False,False,False,True,False,True,False,False
-1.3920840442735174,True,False,False,False,False,False,False,False,True,False,False,False,True,False,False,False,False,True,False,False,True,False,False,False,True,False,False
-0.40740235534121505,True,False,False,True,False,False,False,False,False,True,False,False,False,True,False,False,False,True,False,False,True,False,False,False,False,True,False
0.8834408671246604,True,True,True,False,False,True,False,False,True,False,False,False,True,False,False,False,True,False,False,False,False,False,True,False,False,True,False
-0.8487162775517708,True,False,True,False,True,False,False,False,True,False,False,False,False,True,False,False,True,False,False,False,False,True,False,False,True,False,False
-0.7494206450543958,True,False,False,False,False,False,False,True,False,False,False,False,True,False,False,False,True,False,False,False,True,False,False,False,False,False,True
0.8834408671246604,True,True,True,False,True,True,False,False,False,True,False,False,False,True,False,False,False,True,False,False,False,True,False,False,False,False,True
-1.0528239665741528,True,True,True,False,False,False,False,True,False,False,False,False,True,False,False,False,True,False,False,False,True,False,False,False,False,False,True
0.27663422408514626,True,True,False,False,True,False,False,False,True,False,False,False,False,True,False,False,False,False,False,True,False,True,False,False,False,True,False
-0.6887399807504443,True,False,False,False,False,False,False,False,True,False,False,False,True,False,False,False,True,False,False,False,True,False,False,False,False,False,True
-0.5508293800596457,True,False,True,False,True,True,False,False,True,False,False,False,False,True,False,False,False,True,False,False,True,False,False,False,False,True,False
-1.847189026553153,False,False,True,False,False,False,False,False,True,False,False,False,True,False,False,False,False,True,False,False,True,False,False,False,False,False,True
0.5524554254667436,True,False,False,False,True,False,False,False,True,False,False,False,False,True,False,False,False,False,False,True,False,True,False,False,True,False,False
-0.2198439384017289,True,True,False,False,True,False,False,False,True,False,False,False,False,True,False,False,False,True,False,False,False,False,True,False,True,False,False
-0.5287636839491179,True,False,False,False,False,False,False,True,False,False,False,False,True,False,False,False,True,False,False,False,True,False,False,False,False,True,False
1.214426308782577,True,False,True,False,True,False,False,False,True,False,False,False,False,True,False,False,True,False,False,False,False,False,False,True,False,True,False
1.8763971920984108,True,False,False,False,False,False,False,True,False,False,False,False,True,False,False,False,True,False,False,False,False,True,False,False,True,False,False
0.16630574353250735,False,False,False,False,True,True,False,False,True,False,False,False,True,False,False,False,True,False,False,False,True,False,False,False,False,False,True
-0.34672169103726364,True,False,False,False,False,False,False,False,True,False,False,False,True,False,False,False,False,True,False,False,True,False,False,False,False,False,True
1.644707382937869,True,False,False,False,False,False,False,False,True,False,False,False,True,False,False,False,True,False,False,False,False,False,True,False,False,True,False
0.717948146295702,True,False,False,False,True,False,False,False,True,False,False,False,True,False,False,False,True,False,False,False,False,False,True,False,False,True,False
-1.433457224480757,True,False,False,False,False,False,False,False,True,False,False,False,True,False,False,False,False,True,False,False,True,False,False,False,False,False,True
-0.1977782422912011,True,False,False,False,False,False,False,False,False,True,False,False,True,False,False,False,False,True,False,False,False,True,False,False,False,True,False
1.1040978282299383,True,False,False,False,False,False,False,False,True,False,False,False,True,False,False,False,True,False,False,False,False,False,False,True,True,False,False
-0.5232472599214859,True,False,False,False,False,False,False,True,False,False,False,False,True,False,False,False,True,False,False,False,True,False,False,False,True,False,False
1.1040978282299383,True,False,False,False,True,False,False,False,True,False,False,False,True,False,False,False,False,False,False,True,False,False,True,False,False,True,False
-0.5508293800596457,True,False,False,False,False,False,False,False,True,False,False,False,True,False,False,False,False,True,False,False,False,True,False,False,False,False,True
-1.2955466237899584,True,False,True,False,False,False,False,False,True,False,False,False,True,False,False,False,False,True,False,False,False,True,False,False,False,False,True
-0.9424954860215139,True,False,False,True,False,False,False,True,False,False,False,False,True,False,False,False,True,False,False,False,False,True,False,False,True,False,False
-1.6541141855860348,True,False,False,False,False,False,False,True,False,False,False,False,True,False,False,False,False,True,False,False,True,False,False,False,False,True,False
0.9937693476772993,True,False,False,False,False,False,False,True,False,False,False,False,True,False,False,False,True,False,False,False,True,False,False,False,False,False,True
-0.826650581441243,True,True,False,False,False,False,False,True,False,False,False,False,True,False,False,False,True,False,False,False,True,False,False,False,False,False,True
1.33578763739048,True,False,False,False,True,True,False,False,False,True,False,False,False,True,False,False,False,False,True,False,False,False,True,False,True,False,False
2.6486965559668834,True,True,False,False,False,False,False,False,False,True,False,False,False,True,False,False,False,True,False,False,False,False,True,False,False,True,False
-0.26397533062278444,True,False,True,False,True,False,False,False,True,False,False,False,True,False,False,False,False,True,False,False,True,False,False,False,False,True,False
0.5745211215772714,True,False,False,False,False,True,False,False,True,False,False,False,True,False,False,False,True,False,False,False,False,False,True,False,False,True,False
-1.1024717828228403,False,False,False,False,True,False,False,False,True,False,False,False,True,False,False,False,True,False,False,False,True,False,False,False,False,False,True
-0.7494206450543958,True,False,False,False,False,False,False,True,False,False,False,False,True,False,False,False,True,False,False,False,True,False,False,False,True,False,False
0.5524554254667436,True,False,False,False,True,False,False,False,True,False,False,False,False,True,False,False,False,False,False,True,True,False,False,False,False,True,False
-0.7494206450543958,True,False,False,False,False,False,False,True,False,False,False,False,True,False,False,False,True,False,False,False,True,False,False,False,False,False,True
2.9074168428628213,True,False,False,False,False,True,False,False,True,False,False,False,True,False,False,False,True,False,False,False,False,True,False,False,False,True,False
0.19940428769829904,True,False,False,False,False,True,False,False,True,False,False,False,True,False,False,False,False,True,False,False,False,False,True,False,False,False,True
0.5524554254667436,True,True,False,False,True,False,False,False,False,True,False,False,False,True,False,False,False,False,False,True,False,True,False,False,True,False,False
-0.08744976173856218,True,False,False,False,False,False,False,False,True,False,False,False,True,False,False,False,False,True,False,False,False,True,False,False,False,True,False
0.27663422408514626,True,False,False,False,True,False,False,False,True,False,False,False,True,False,False,False,False,True,False,False,True,False,False,False,False,False,True
2.2073826337563274,True,False,False,False,True,False,False,False,False,True,False,False,False,True,False,False,False,False,False,True,False,False,True,False,True,False,False
0.5524554254667436,True,False,False,False,True,False,False,False,True,False,False,False,True,False,False,False,True,False,False,False,False,True,False,False,True,False,False
-0.5872377786420165,True,False,False,False,False,False,False,True,False,False,False,False,True,False,False,False,True,False,False,False,True,False,False,False,False,False,True
1.435083269887855,True,False,False,False,True,False,False,False,False,True,False,False,True,False,False,False,False,True,False,False,False,False,True,False,True,False,False
-1.1024717828228403,True,False,False,False,False,False,False,True,False,False,False,False,True,False,False,False,True,False,False,False,False,True,False,False,False,False,True
-0.7549370690820277,True,False,False,False,True,False,False,True,False,False,False,False,True,False,False,False,True,False,False,False,True,False,False,False,False,False,True
0.5524554254667436,True,False,False,False,False,False,False,False,False,True,False,False,False,True,False,False,False,False,False,True,False,True,False,False,False,True,False
-1.4345605092862834,True,False,False,False,False,True,False,False,True,False,False,False,True,False,False,False,True,False,False,False,True,False,False,False,False,True,False
-1.1686688711544237,True,False,False,False,False,True,False,False,True,False,False,False,True,False,False,False,False,True,False,False,True,False,False,False,False,True,False
-0.5287636839491179,True,False,False,False,False,False,False,True,False,False,False,False,True,False,False,False,False,True,False,False,False,True,False,False,False,True,False
0.8834408671246604,True,False,False,False,True,True,False,False,True,False,False,False,True,False,False,False,False,False,False,True,False,False,False,True,True,False,False
0.3759298565825213,True,True,False,False,True,False,False,False,True,False,False,False,True,False,False,False,False,True,False,False,False,True,False,False,False,True,False
0.9661872275391395,True,False,False,False,False,False,False,True,False,False,False,False,True,False,False,False,True,False,False,False,True,False,False,False,False,True,False
1.1151306762852022,True,False,True,False,True,True,False,False,True,False,False,False,True,False,False,False,True,False,False,False,False,False,True,False,False,True,False
-1.0473075425465208,False,False,True,False,False,False,False,False,True,False,False,False,True,False,False,False,False,True,False,False,True,False,False,False,False,True,False
-0.5508293800596457,True,False,True,False,True,False,False,False,True,False,False,False,False,True,False,False,False,True,False,False,False,True,False,False,False,True,False
0.27663422408514626,True,False,True,False,True,True,False,False,False,True,False,False,False,True,False,False,False,True,False,False,False,True,False,False,False,True,False
-0.7880356132478193,True,False,True,False,False,False,False,False,True,False,False,False,True,False,False,False,False,True,False,False,True,False,False,False,False,True,False
1.942594280429994,True,False,False,False,True,False,False,False,True,False,False,False,True,False,False,False,True,False,False,False,False,False,True,False,True,False,False
0.5855539696325353,True,False,True,False,False,False,False,True,False,False,False,False,True,False,False,False,True,False,False,False,False,True,False,False,False,True,False
-0.5094561998524061,True,True,True,False,False,False,False,False,True,False,False,False,True,False,False,False,True,False,False,False,False,False,True,False,False,True,False
0.3869627046377852,True,True,True,False,True,True,False,False,True,False,False,False,True,False,False,False,True,False,False,False,False,False,True,False,True,False,False
1.369989466361798,True,False,False,True,False,True,False,False,True,False,False,False,False,True,False,False,False,False,True,False,False,True,False,False,True,False,False
0.5524554254667436,True,False,True,False,True,False,False,True,False,False,False,False,True,False,False,False,True,False,False,False,False,True,False,False,True,False,False
2.957616301514272,True,False,False,False,False,True,False,True,False,False,False,False,True,False,False,False,True,False,False,False,False,True,False,False,False,True,False
-1.5024125248261564,True,False,False,True,True,True,False,False,True,False,False,False,True,False,False,False,False,False,True,False,True,False,False,False,False,True,False
-0.2198439384017289,True,False,False,False,False,False,False,False,False,True,False,False,True,False,False,False,False,True,False,False,True,False,False,False,False,True,False
-0.3743038111754234,True,False,False,False,False,True,False,False,True,False,False,False,True,False,False,False,False,True,False,False,False,False,True,False,True,False,False
-1.0031761503254653,True,False,False,False,False,False,False,False,True,False,False,False,False,True,False,False,False,True,False,False,False,False,True,False,False,True,False
-1.0031761503254653,True,False,False,False,False,False,False,True,False,False,False,False,True,False,False,False,True,False,False,False,True,False,False,False,False,False,True
-0.4846322917280623,True,False,True,False,False,False,False,True,False,False,False,False,True,False,False,False,True,False,False,False,False,True,False,False,False,True,False
-0.8156177333859791,True,False,False,False,False,True,False,False,True,False,False,False,True,False,False,False,True,False,False,False,True,False,False,False,False,True,False
0.5524554254667436,True,False,False,False,True,False,False,False,True,False,False,False,False,True,False,False,False,False,False,True,True,False,False,False,False,False,True
-0.6335757404741249,True,False,False,False,False,False,False,False,True,False,False,False,True,False,False,False,False,True,False,False,True,False,False,False,False,False,True
-1.3782929842044376,False,False,False,False,True,False,False,True,False,False,False,False,True,False,False,False,True,False,False,False,True,False,False,False,False,False,True
-0.8542327015794027,True,False,False,False,False,False,True,False,False,False,False,False,True,False,False,False,True,False,False,False,True,False,False,False,True,False,False
0.5524554254667436,True,False,False,True,False,True,False,False,True,False,False,False,True,False,False,False,False,True,False,False,False,True,False,False,False,True,False
0.5524554254667436,True,True,False,False,True,False,False,False,True,False,False,False,True,False,False,False,False,False,False,True,False,False,True,False,False,False,True
-0.04331836951750661,True,False,False,False,False,False,False,False,True,False,False,False,True,False,False,False,False,True,False,False,False,True,False,False,False,True,False
-1.0197254224083612,False,False,True,False,False,False,False,True,False,False,False,False,False,True,False,False,True,False,False,False,True,False,False,False,False,True,False
0.8834408671246604,True,False,True,False,False,True,False,True,False,False,False,False,False,True,False,False,False,False,False,True,True,False,False,False,True,False,False
0.7841452346272854,True,False,False,False,True,True,False,False,True,False,False,False,False,True,False,False,False,True,False,False,False,True,False,False,False,True,False
-1.0031761503254653,False,False,False,False,False,False,False,False,True,False,False,False,True,False,False,False,True,False,False,False,True,False,False,False,False,False,True
0.0008130227035489625,True,False,False,False,False,False,False,False,True,False,False,False,True,False,False,False,False,False,False,True,True,False,False,False,True,False,False
0.41454482477594495,True,True,False,False,True,True,False,False,True,False,False,False,False,True,False,False,False,False,False,True,False,True,False,False,False,False,True
0.5237700205230574,True,False,False,False,True,False,False,False,True,False,False,False,True,False,False,False,False,True,False,False,True,False,False,False,False,True,False
1.0158350437878272,True,True,True,False,True,False,False,False,False,False,True,False,True,False,False,False,False,True,False,False,False,True,False,False,True,False,False
-0.20219138151330665,True,False,False,False,True,False,False,False,False,True,False,False,True,False,False,False,False,True,False,False,True,False,False,False,False,True,False
1.7936508316839315,True,False,False,False,False,False,False,False,True,False,False,False,True,False,False,False,True,False,False,False,True,False,False,False,True,False,False
0.916539411290452,True,True,True,False,False,True,False,False,False,True,False,False,False,True,False,False,False,True,False,False,False,True,False,False,False,True,False
-0.7439042210267638,True,False,False,False,False,False,False,False,True,False,False,False,True,False,False,False,False,True,False,False,True,False,False,False,False,False,True
-0.27500817867804833,True,False,False,False,True,False,False,False,True,False,False,False,True,False,False,False,False,True,False,False,True,False,False,False,False,False,True
-0.8542327015794027,True,False,True,False,False,False,False,False,True,False,False,False,True,False,False,False,False,True,False,False,True,False,False,False,False,True,False
0.8006945067101812,True,True,True,True,False,False,False,False,True,False,False,False,False,True,False,False,True,False,False,False,True,False,False,False,False,False,True
0.9110229872628202,True,True,False,False,False,False,False,False,True,False,False,False,True,False,False,False,False,True,False,False,True,False,False,False,False,True,False
0.7510466904614936,True,False,False,False,True,True,False,False,True,False,False,False,False,True,False,False,False,False,False,True,True,False,False,False,True,False,False
0.7510466904614936,True,False,False,False,False,False,False,True,False,False,False,False,True,False,False,False,True,False,False,False,True,False,False,False,True,False,False
-0.021252673406978822,False,False,False,False,False,False,False,False,False,True,False,False,True,False,False,False,False,False,True,False,True,False,False,False,False,True,False
2.1853169376458,True,False,False,False,True,False,False,False,False,True,False,False,False,False,False,True,False,False,False,True,False,False,False,True,True,False,False
0.7510466904614936,True,False,False,False,False,False,False,True,False,False,False,False,True,False,False,False,False,True,False,False,True,False,False,False,False,False,True
-1.0693732386570487,True,False,False,False,False,False,False,False,True,False,False,False,True,False,False,False,True,False,False,False,True,False,False,False,False,False,True
1.0279711766486175,True,False,False,False,True,True,False,False,True,False,False,False,True,False,False,False,False,True,False,False,False,False,True,False,True,False,False
-0.7714863411649235,True,False,False,False,False,False,False,False,False,False,False,True,True,False,False,False,False,True,False,False,False,True,False,False,False,False,True
-1.1934927792787675,True,False,False,False,False,False,False,True,False,False,False,False,True,False,False,False,True,False,False,False,True,False,False,False,False,True,False
-1.1024717828228403,True,False,False,False,False,False,False,True,False,False,False,False,True,False,False,False,False,True,False,False,True,False,False,False,False,True,False
0.4697090650522644,True,False,True,False,False,False,False,False,True,False,False,False,True,False,False,False,False,True,False,False,False,True,False,False,False,False,True
-1.0804060867123124,False,False,False,False,False,False,False,True,False,False,False,False,True,False,False,False,True,False,False,False,True,False,False,False,False,False,True
0.11114150325618789,True,False,False,False,True,False,False,False,True,False,False,False,True,False,False,False,False,False,True,False,True,False,False,False,False,True,False
-1.2128002633754793,True,False,False,False,False,False,False,False,True,False,False,False,True,False,False,False,True,False,False,False,True,False,False,False,False,False,True
-0.10951545784908996,True,True,True,False,False,False,False,True,False,False,False,False,True,False,False,False,True,False,False,False,True,False,False,False,False,True,False
1.0654828600365147,False,False,False,False,False,False,False,False,False,True,False,False,True,False,False,False,False,True,False,False,False,True,False,False,True,False,False
-0.2198439384017289,True,False,False,False,True,False,False,False,True,False,False,False,False,True,False,False,False,True,False,False,False,True,False,False,False,True,False
0.44212694491410465,True,False,False,True,False,False,False,False,True,False,False,False,True,False,False,False,True,False,False,False,False,False,True,False,False,True,False
-0.7521788570682117,False,False,False,False,False,False,False,True,False,False,False,False,True,False,False,False,True,False,False,False,True,False,False,False,False,False,True
2.1384273334109283,True,False,False,False,False,False,False,False,True,False,False,False,True,False,False,False,True,False,False,False,False,True,False,False,False,True,False
-0.5508293800596457,True,False,False,False,True,False,False,False,True,False,False,False,True,False,False,False,False,True,False,False,True,False,False,False,False,False,True
1.4792146621089106,True,True,False,False,True,False,False,False,False,True,False,False,False,True,False,False,False,False,False,True,False,True,False,False,False,True,False
-0.5232472599214859,True,True,True,False,False,True,False,True,False,False,False,False,True,False,False,False,False,True,False,False,True,False,False,False,False,False,True
-0.10951545784908996,True,False,False,False,True,False,False,False,True,False,False,False,True,False,False,False,False,False,True,False,True,False,False,False,False,False,True
-0.617026468391229,True,False,True,False,False,False,False,False,True,False,False,False,False,True,False,False,False,True,False,False,False,False,True,False,False,True,False
-0.27500817867804833,False,False,True,False,True,False,False,False,False,True,False,False,False,True,False,False,True,False,False,False,False,False,True,False,False,True,False
-1.0004179383116494,True,False,False,False,False,False,False,True,False,False,False,False,True,False,False,False,True,False,False,False,False,False,True,False,False,False,True
1.0489335879536188,True,True,True,False,False,True,False,False,True,False,False,False,True,False,False,False,True,False,False,False,True,False,False,False,False,True,False
1.0075604077463791,True,True,True,False,True,True,False,False,True,False,False,False,True,False,False,False,True,False,False,False,True,False,False,False,False,True,False
0.8834408671246604,True,False,True,False,True,True,False,False,True,False,False,False,False,True,False,False,True,False,False,False,True,False,False,False,False,False,True
-0.32465599492673586,True,False,True,False,False,False,False,False,False,True,False,False,False,False,True,False,False,True,False,False,False,False,True,False,False,True,False
-0.10951545784908996,True,True,False,False,True,False,False,False,True,False,False,False,False,True,False,False,False,False,False,True,True,False,False,False,True,False,False
0.22146998380882682,True,False,False,False,False,False,False,False,True,False,False,False,True,False,False,False,True,False,False,False,False,False,False,True,False,True,False
0.9661872275391395,True,True,True,False,False,True,False,True,False,False,False,False,True,False,False,False,True,False,False,False,False,False,True,False,True,False,False
0.24905210394698654,True,False,True,False,True,True,False,False,False,True,False,False,False,True,False,False,True,False,False,False,True,False,False,False,False,True,False
-0.6655709998343902,True,False,False,False,False,False,False,False,False,True,False,False,True,False,False,False,False,True,False,False,True,False,False,False,False,True,False
0.48901654914897624,True,False,False,False,True,False,False,True,False,False,False,False,True,False,False,False,True,False,False,False,False,True,False,False,False,False,True
0.9496379554562437,True,False,False,False,False,False,False,False,True,False,False,False,True,False,False,False,True,False,False,False,True,False,False,False,False,False,True
-0.7714863411649235,True,False,True,False,True,True,False,False,True,False,False,False,True,False,False,False,True,False,False,False,True,False,False,False,True,False,False
-0.021252673406978822,True,False,True,False,True,False,False,True,False,False,False,False,True,False,False,False,True,False,False,False,True,False,False,False,False,False,True
-0.1260647299319858,True,True,True,False,False,False,False,False,True,False,False,False,True,False,False,False,True,False,False,False,True,False,False,False,False,True,False
0.5524554254667436,True,False,False,False,True,False,False,False,False,True,False,False,False,True,False,False,False,False,False,True,False,True,False,False,True,False,False
-1.5741260371853718,True,False,True,False,False,True,False,False,False,True,False,False,False,True,False,False,True,False,False,False,True,False,False,False,False,False,True
-0.24190963451225667,True,True,True,False,True,False,False,False,True,False,False,False,False,True,False,False,False,True,False,False,False,True,False,False,True,False,False
-1.3672601361491736,False,False,True,False,True,False,False,False,False,False,True,False,False,True,False,False,True,False,False,False,False,True,False,False,True,False,False
-0.16467969812540942,True,True,True,False,True,False,False,False,False,True,False,False,True,False,False,False,False,True,False,False,False,True,False,False,True,False,False
1.5454117504404938,True,False,False,False,False,True,False,False,True,False,False,False,False,True,False,False,False,True,False,False,True,False,False,False,False,True,False
2.141185545424744,True,False,True,False,True,False,False,False,True,False,False,False,False,True,False,False,False,True,False,False,False,True,False,False,True,False,False
0.0008130227035489625,True,False,False,False,True,False,False,False,True,False,False,False,True,False,False,False,False,True,False,False,True,False,False,False,False,True,False
1.3799190296115356,True,False,True,False,True,True,False,False,False,True,False,False,False,True,False,False,False,True,False,False,False,False,False,True,True,False,False
0.4575729321914741,True,True,False,False,False,False,False,False,False,True,False,False,True,False,False,False,False,False,False,True,True,False,False,False,False,True,False
0.07583638947934343,True,True,True,False,True,True,False,False,True,False,False,False,True,False,False,False,False,True,False,False,True,False,False,False,False,False,True
-0.4956651397833262,False,False,True,False,False,False,False,False,False,True,False,False,True,False,False,False,True,False,False,False,True,False,False,False,False,False,True
-0.0653840656280344,True,False,False,False,True,True,False,False,False,True,False,False,False,True,False,False,False,True,False,False,False,True,False,False,True,False,False
0.5524554254667436,True,False,True,False,False,False,False,False,False,True,False,False,True,False,False,False,False,True,False,False,False,False,True,False,False,True,False
0.607619665743063,True,True,False,False,True,True,False,False,True,False,False,False,True,False,False,False,False,False,True,False,True,False,False,False,False,True,False
1.6557402309931328,True,True,True,False,True,True,False,False,True,False,False,False,True,False,False,False,True,False,False,False,False,False,True,False,False,True,False
0.7841452346272854,True,False,True,False,False,True,False,False,True,False,False,False,True,False,False,False,False,False,True,False,True,False,False,False,False,False,True
-1.2679645036517988,False,False,False,False,False,False,False,True,False,False,False,False,True,False,False,False,True,False,False,False,True,False,False,False,True,False,False
-0.46256659561753455,True,False,False,False,False,False,False,False,True,False,False,False,True,False,False,False,False,False,True,False,True,False,False,False,False,False,True
-1.5658514011439237,False,False,True,False,False,False,False,False,True,False,False,False,True,False,False,False,False,True,False,False,True,False,False,False,False,True,False
-1.1079882068504723,False,False,False,False,False,False,False,True,False,False,False,False,True,False,False,False,True,False,False,False,False,True,False,False,False,False,True
-0.2694917546504164,True,False,True,False,False,False,False,False,False,True,False,False,False,True,False,False,False,True,False,False,True,False,False,False,False,True,False
0.35386416047199354,False,False,False,False,False,False,False,True,False,False,False,False,True,False,False,False,True,False,False,False,True,False,False,False,False,True,False
0.0008130227035489625,True,False,False,False,True,False,False,False,True,False,False,False,True,False,False,False,False,False,True,False,True,False,False,False,False,True,False
-1.0362746944912569,False,False,False,False,False,False,False,False,True,False,False,False,True,False,False,False,False,True,False,False,True,False,False,False,True,False,False
0.6848496021299103,True,False,False,False,True,False,False,False,False,True,False,False,False,True,False,False,False,True,False,False,False,True,False,False,True,False,False
-0.8211341574136111,True,False,False,False,False,False,False,False,True,False,False,False,True,False,False,False,False,True,False,False,True,False,False,False,False,True,False
1.4825245165254897,True,True,True,True,False,False,False,False,True,False,False,False,True,False,False,False,True,False,False,False,True,False,False,False,False,True,False
-0.7549370690820277,True,False,True,False,False,False,False,True,False,False,False,False,True,False,False,False,True,False,False,False,True,False,False,False,True,False,False
1.1040978282299383,True,False,True,False,False,False,False,False,True,False,False,False,True,False,False,False,False,True,False,False,True,False,False,False,False,False,True
0.5303897293562159,True,True,True,False,False,False,False,False,True,False,False,False,False,False,True,False,False,True,False,False,False,True,False,False,False,False,True
-1.0197254224083612,False,False,False,False,False,False,False,False,True,False,False,False,True,False,False,False,False,True,False,False,True,False,False,False,False,False,True
0.8558587469865007,True,False,False,False,True,True,False,False,False,True,False,False,False,True,False,False,False,True,False,False,False,True,False,False,False,True,False
0.5855539696325353,True,True,True,False,False,False,False,False,True,False,False,False,True,False,False,False,True,False,False,False,True,False,False,False,True,False,False
0.8917155031661083,True,False,False,False,False,False,False,False,True,False,False,False,True,False,False,False,False,True,False,False,True,False,False,False,False,True,False
-1.1024717828228403,True,False,True,False,True,False,False,False,False,True,False,False,True,False,False,False,False,False,True,False,False,False,True,False,False,True,False
1.1040978282299383,True,False,False,False,True,False,False,False,True,False,False,False,False,True,False,False,False,False,False,True,False,False,True,False,True,False,False
-0.8200308726080846,True,False,False,False,False,True,False,True,False,False,False,False,True,False,False,False,True,False,False,False,False,True,False,False,False,False,True
-1.8196069064149933,True,False,False,False,False,False,False,False,True,False,False,False,True,False,False,False,False,True,False,False,True,False,False,False,False,False,True
0.8503423229588687,True,True,True,False,False,True,False,False,True,False,False,False,True,False,False,False,True,False,False,False,False,False,True,False,True,False,False
-1.0031761503254653,True,False,True,False,False,False,False,True,False,False,False,False,False,True,False,False,True,False,False,False,False,False,True,False,False,True,False
-1.0031761503254653,True,False,False,False,False,False,False,False,False,True,False,False,False,True,False,False,False,True,False,False,True,False,False,False,True,False,False
1.247524852948369,True,True,True,False,False,False,False,False,True,False,False,False,False,True,False,False,True,False,False,False,False,False,False,True,True,False,False
0.5524554254667436,True,True,False,False,True,False,False,False,True,False,False,False,False,True,False,False,False,False,False,True,False,True,False,False,True,False,False
-0.9700776061596736,True,False,False,False,False,False,False,False,True,False,False,False,True,False,False,False,False,True,False,False,False,False,True,False,False,True,False
-1.4748304046879968,False,False,False,False,False,False,False,False,True,False,False,False,True,False,False,False,False,True,False,False,True,False,False,False,False,True,False
2.141185545424744,True,False,False,False,True,False,False,True,False,False,False,False,True,False,False,False,True,False,False,False,False,True,False,False,False,True,False
-0.0543512175727705,True,False,True,False,False,False,False,True,False,False,False,False,True,False,False,False,False,True,False,False,True,False,False,False,False,True,False
0.9441215314286118,True,True,True,False,False,True,False,False,True,False,False,False,False,True,False,False,False,True,False,False,False,True,False,False,True,False,False
-0.7439042210267638,True,False,False,False,False,False,False,False,True,False,False,False,False,True,False,False,False,True,False,False,False,False,True,False,False,True,False
-0.5894443482530694,False,False,False,False,False,False,False,True,False,False,False,False,True,False,False,False,True,False,False,False,True,False,False,False,False,False,True
0.022878718814076746,True,False,True,False,True,False,False,False,True,False,False,False,True,False,False,False,False,True,False,False,True,False,False,False,False,False,True
1.7936508316839315,True,False,True,False,False,False,False,False,True,False,False,False,True,False,False,False,True,False,False,False,False,False,False,True,False,True,False
-0.8376834294965069,False,False,False,False,False,False,False,False,False,True,False,False,True,False,False,False,False,True,False,False,False,True,False,False,False,True,False
-0.27500817867804833,True,False,True,False,False,False,False,False,True,False,False,False,True,False,False,False,True,False,False,False,True,False,False,False,True,False,False
1.93156143237473,True,False,False,False,True,False,False,False,True,False,False,False,False,True,False,False,False,False,False,True,False,False,True,False,True,False,False
-0.5508293800596457,True,False,False,False,False,False,False,True,False,False,False,False,True,False,False,False,True,False,False,False,True,False,False,False,False,False,True
-1.1819082888207404,True,False,False,False,False,True,False,False,True,False,False,False,True,False,False,False,False,False,True,False,True,False,False,False,True,False,False
-0.27500817867804833,False,False,False,False,False,False,False,True,False,False,False,False,True,False,False,False,True,False,False,False,True,False,False,False,False,True,False
1.330271213362848,True,True,True,False,True,True,False,False,True,False,False,False,True,False,False,False,True,False,False,False,False,False,True,False,False,False,True
-1.557576765102476,False,True,True,False,True,False,False,False,True,False,False,False,True,False,False,False,False,True,False,False,True,False,False,False,False,False,True
0.7510466904614936,True,False,False,False,False,True,False,False,True,False,False,False,True,False,False,False,False,False,True,False,True,False,False,False,False,True,False
0.6925725957685951,True,False,True,False,False,True,False,False,False,True,False,False,False,True,False,False,True,False,False,False,False,True,False,False,False,True,False
-1.350710864066278,True,False,True,False,False,False,False,False,True,False,False,False,True,False,False,False,False,True,False,False,True,False,False,False,True,False,False
-1.0197254224083612,True,True,True,False,True,False,False,False,True,False,False,False,False,True,False,False,True,False,False,False,True,False,False,False,True,False,False
-0.10951545784908996,True,True,True,False,False,False,False,False,True,False,False,False,True,False,False,False,True,False,False,False,True,False,False,False,False,False,True
1.2971726691970564,True,False,False,False,False,False,False,True,False,False,False,False,True,False,False,False,True,False,False,False,False,True,False,False,False,True,False
-1.1852181432373194,False,False,True,False,False,True,False,False,True,False,False,False,False,True,False,False,False,True,False,False,True,False,False,False,False,False,True
-0.27500817867804833,False,False,False,False,False,False,False,True,False,False,False,False,True,False,False,False,True,False,False,False,True,False,False,False,True,False,False
-0.7549370690820277,True,False,False,True,False,False,False,False,True,False,False,False,False,True,False,False,False,True,False,False,False,False,True,False,False,True,False
-0.7494206450543958,True,False,True,False,False,False,False,False,True,False,False,False,False,True,False,False,False,True,False,False,True,False,False,False,False,False,True
-0.7604534931096596,True,False,False,False,False,False,False,True,False,False,False,False,True,False,False,False,True,False,False,False,True,False,False,False,False,False,True
-1.1024717828228403,False,False,False,False,False,False,False,True,False,False,False,False,True,False,False,False,True,False,False,False,True,False,False,False,False,False,True
1.644707382937869,True,False,False,False,False,True,False,False,True,False,False,False,True,False,False,False,True,False,False,False,False,True,False,False,False,True,False
-0.2198439384017289,True,False,False,False,True,False,False,True,False,False,False,False,False,True,False,False,True,False,False,False,False,False,True,False,False,True,False
2.2073826337563274,True,True,False,False,True,True,False,False,False,True,False,False,False,True,False,False,False,False,False,True,False,True,False,False,True,False,False
-1.1024717828228403,True,False,True,False,False,False,False,True,False,False,False,False,True,False,False,False,True,False,False,False,False,False,True,False,False,False,True
-0.5508293800596457,True,False,False,False,False,False,False,True,False,False,False,False,True,False,False,False,True,False,False,False,True,False,False,False,False,False,True
-0.6832235567228124,True,False,False,True,False,False,False,False,True,False,False,False,True,False,False,False,False,True,False,False,False,False,True,False,False,True,False
1.4902475101641746,True,False,False,False,False,False,False,True,False,False,False,False,True,False,False,False,True,False,False,False,True,False,False,False,False,False,True
-0.27500817867804833,False,False,True,False,True,False,False,False,True,False,False,False,False,True,False,False,False,True,False,False,True,False,False,False,False,True,False
-0.9038805178280902,True,False,False,False,False,False,False,True,False,False,False,False,True,False,False,False,True,False,False,False,False,True,False,False,False,False,True
-1.2199716146114008,True,False,False,False,False,False,False,False,False,True,False,False,False,True,False,False,False,True,False,False,True,False,False,False,True,False,False
-0.826650581441243,False,False,True,False,False,False,False,True,False,False,False,False,True,False,False,False,True,False,False,False,True,False,False,False,False,True,False
-1.0826126563233653,True,False,True,False,False,False,False,False,True,False,False,False,True,False,False,False,False,True,False,False,True,False,False,False,False,True,False
0.5524554254667436,True,False,False,False,True,False,False,False,True,False,False,False,True,False,False,False,False,True,False,False,False,True,False,False,False,False,True
-0.4846322917280623,True,False,False,False,False,False,False,True,False,False,False,False,True,False,False,False,False,True,False,False,True,False,False,False,False,False,True
-1.5796424612130038,False,False,False,False,False,False,False,False,True,False,False,False,False,True,False,False,False,True,False,False,True,False,False,False,False,False,True
-1.433457224480757,False,False,False,False,False,False,False,False,True,False,False,False,True,False,False,False,True,False,False,False,True,False,False,False,False,True,False
-0.8762983976899306,False,False,False,False,True,False,False,False,True,False,False,False,True,False,False,False,False,True,False,False,True,False,False,False,False,True,False
-0.004703401324082984,True,True,True,False,False,True,False,False,False,True,False,False,False,True,False,False,False,True,False,False,True,False,False,False,True,False,False
0.922055835318084,True,False,True,False,False,True,False,False,True,False,False,False,True,False,False,False,False,False,True,False,True,False,False,False,False,False,True
0.8834408671246604,True,False,True,False,False,True,False,False,False,True,False,False,False,True,False,False,True,False,False,False,True,False,False,False,False,True,False
0.11114150325618789,True,False,False,False,False,False,False,False,False,True,False,False,True,False,False,False,False,False,True,False,True,False,False,False,False,False,True
-0.5072496302413533,True,False,False,False,False,False,False,False,True,False,False,False,True,False,False,False,False,False,True,False,True,False,False,False,False,True,False
0.16630574353250735,True,False,False,False,True,True,False,False,False,True,False,False,False,True,False,False,True,False,False,False,True,False,False,False,False,False,True
-1.4169079523978612,False,False,False,False,False,False,False,False,True,False,False,False,True,False,False,False,True,False,False,False,True,False,False,False,False,False,True
-0.5728950761701734,True,False,False,False,False,False,False,False,True,False,False,False,True,False,False,False,False,True,False,False,True,False,False,False,True,False,False
-0.8376834294965069,True,False,False,False,False,True,False,True,False,False,False,False,True,False,False,False,True,False,False,False,True,False,False,False,False,True,False
-0.8156177333859791,True,False,False,False,False,True,False,False,True,False,False,False,True,False,False,False,True,False,False,False,False,False,True,False,False,False,True
-0.8707819736622986,True,False,False,False,False,False,False,False,False,True,False,False,False,True,False,False,False,True,False,False,True,False,False,False,False,True,False
-0.8156177333859791,True,False,False,False,False,True,False,True,False,False,False,False,True,False,False,False,False,True,False,False,True,False,False,False,True,False,False
-0.8707819736622986,True,False,True,False,True,False,False,False,False,True,False,False,False,True,False,False,False,True,False,False,False,False,True,False,False,True,False
-1.2034223425285049,False,True,True,False,False,False,False,False,False,True,False,False,False,True,False,False,False,True,False,False,False,True,False,False,True,False,False
-0.8707819736622986,False,False,False,False,False,False,False,False,False,False,True,False,True,False,False,False,False,True,False,False,True,False,False,False,False,False,True
1.5454117504404938,True,False,True,False,True,True,False,False,True,False,False,False,True,False,False,False,True,False,False,False,False,False,True,False,False,False,True
-0.8156177333859791,True,False,True,False,False,False,False,True,False,False,False,False,False,True,False,False,True,False,False,False,True,False,False,False,False,True,False
-0.8542327015794027,True,False,True,False,False,False,False,False,True,False,False,False,True,False,False,False,False,True,False,False,False,True,False,False,False,True,False
1.3379942070015327,False,False,False,False,False,False,False,False,True,False,False,False,True,False,False,False,True,False,False,False,True,False,False,False,False,False,True
0.27663422408514626,True,False,False,False,False,True,False,False,True,False,False,False,True,False,False,False,False,False,True,False,False,True,False,False,False,False,True
-0.44050089950700677,True,False,False,False,False,False,False,False,True,False,False,False,True,False,False,False,False,True,False,False,False,True,False,False,True,False,False
-0.4956651397833262,True,True,True,False,False,False,False,True,False,False,False,False,False,True,False,False,True,False,False,False,True,False,False,False,False,True,False
-1.1024717828228403,False,False,False,False,False,False,False,False,True,False,False,False,True,False,False,False,False,True,False,False,True,False,False,False,False,True,False
1.33578763739048,True,True,True,False,True,False,False,False,False,True,False,False,True,False,False,False,False,True,False,False,False,False,True,False,True,False,False
0.8834408671246604,True,True,True,False,False,True,False,False,True,False,False,False,True,False,False,False,True,False,False,False,True,False,False,False,True,False,False
0.22146998380882682,True,False,False,False,False,False,False,False,False,True,False,False,True,False,False,False,False,True,False,False,True,False,False,False,False,True,False
0.5524554254667436,True,True,True,True,False,False,False,False,False,True,False,False,False,False,True,False,False,True,False,False,False,False,True,False,False,True,False
0.7841452346272854,True,False,False,False,True,True,False,False,True,False,False,False,False,True,False,False,False,False,True,False,True,False,False,False,True,False,False
-0.40740235534121505,True,False,True,False,True,False,False,False,False,True,False,False,True,False,False,False,False,True,False,False,True,False,False,False,True,False,False
-0.27500817867804833,True,False,True,False,False,False,False,False,False,True,False,False,False,True,False,False,False,True,False,False,False,False,True,False,True,False,False
-0.7494206450543958,True,False,False,False,False,False,False,True,False,False,False,False,True,False,False,False,True,False,False,False,False,True,False,False,False,True,False
-0.7494206450543958,True,False,True,False,False,False,False,False,False,True,False,False,True,False,False,False,False,True,False,False,True,False,False,False,False,False,True
2.5494009234695083,True,False,True,False,False,True,False,False,True,False,False,False,True,False,False,False,True,False,False,False,False,False,True,False,True,False,False
-0.5673786521425415,True,False,True,False,False,False,False,False,True,False,False,False,True,False,False,False,False,True,False,False,True,False,False,False,False,False,True
-0.7714863411649235,False,False,False,False,False,False,False,False,True,False,False,False,True,False,False,False,False,True,False,False,False,True,False,False,False,False,True
-0.27500817867804833,True,False,False,False,False,False,False,True,False,False,False,False,True,False,False,False,True,False,False,False,True,False,False,False,False,True,False
-0.826650581441243,True,False,False,False,False,False,False,True,False,False,False,False,True,False,False,False,True,False,False,False,True,False,False,False,False,False,True
0.8558587469865007,True,False,True,False,True,True,False,False,True,False,False,False,True,False,False,False,False,True,False,False,True,False,False,False,True,False,False
2.5753281163993784,True,True,True,False,False,False,False,False,False,True,False,False,False,True,False,False,False,True,False,False,False,True,False,False,False,True,False
